loan_id,borrower_id,loan_type,origination_date,maturity_date,original_principal,interest_rate,amortization_years,collateral_type,collateral_value,loan_status
LN-20001,BOR-1001,Equipment Loan,2026-04-01,2033-04-01,780800.0,0.0608,7,Equipment,1046100.0,Active
LN-20002,BOR-1001,Operating Line of Credit,2021-07-01,2026-07-01,468000.0,0.0751,1,General Security Agreement,670000.0,Active
LN-20003,BOR-1002,Operating Line of Credit,2017-11-01,2026-11-01,466100.0,0.0824,1,General Security Agreement,585200.0,Active
LN-20004,BOR-1003,Term Loan,2024-11-01,2034-11-01,369200.0,0.0679,10,General Security Agreement,504000.0,Active
LN-20005,BOR-1004,Operating Line of Credit,2023-06-01,2027-06-01,415800.0,0.0876,1,General Security Agreement,571100.0,Active
LN-20006,BOR-1005,Operating Line of Credit,2024-01-01,2027-01-01,223900.0,0.0779,1,General Security Agreement,304400.0,Active
LN-20007,BOR-1005,Farm Mortgage,2025-10-01,2040-10-01,1725600.0,0.0649,15,Farmland,2581600.0,Active
LN-20008,BOR-1006,Term Loan,2018-12-01,2025-12-01,390300.0,0.0762,7,General Security Agreement,591000.0,Paid Off
LN-20009,BOR-1006,Farm Mortgage,2021-10-01,2041-10-01,588800.0,0.0686,20,Farmland,1076000.0,Active
LN-20010,BOR-1007,Term Loan,2025-10-01,2032-10-01,795900.0,0.0703,7,Farmland,1391200.0,Active
LN-20011,BOR-1008,Term Loan,2019-09-01,2026-09-01,359900.0,0.0688,7,General Security Agreement,427900.0,Active
LN-20012,BOR-1009,Term Loan,2026-02-01,2033-02-01,513500.0,0.0735,7,General Security Agreement,748400.0,Active
LN-20013,BOR-1009,Farm Mortgage,2020-11-01,2045-11-01,393000.0,0.0639,25,Farmland,845800.0,Active
LN-20014,BOR-1010,Term Loan,2023-11-01,2033-11-01,541800.0,0.0676,10,General Security Agreement,670200.0,Active
LN-20015,BOR-1011,Term Loan,2022-06-01,2027-06-01,797200.0,0.0682,5,Farmland,1720700.0,Active
LN-20016,BOR-1012,Operating Line of Credit,2023-11-01,2026-11-01,138600.0,0.0715,1,General Security Agreement,166500.0,Active
LN-20017,BOR-1013,Term Loan,2019-03-01,2026-03-01,790900.0,0.078,7,General Security Agreement,1099800.0,Paid Off
LN-20018,BOR-1014,Term Loan,2017-10-01,2024-10-01,200600.0,0.0694,7,Farmland,439600.0,Paid Off
LN-20019,BOR-1015,Farm Mortgage,2019-08-01,2034-08-01,1106000.0,0.0586,15,Farmland,1532600.0,Active
LN-20020,BOR-1015,Operating Line of Credit,2020-05-01,2027-05-01,253900.0,0.0768,1,General Security Agreement,370200.0,Active
LN-20021,BOR-1015,Term Loan,2022-05-01,2027-05-01,600000.0,0.082,5,Farmland,1070700.0,Active
LN-20022,BOR-1016,Operating Line of Credit,2022-09-01,2026-09-01,118600.0,0.0732,1,General Security Agreement,146100.0,Active
LN-20023,BOR-1017,Farm Mortgage,2019-10-01,2039-10-01,320400.0,0.0635,20,Farmland,488800.0,Active
LN-20024,BOR-1018,Term Loan,2026-05-01,2033-05-01,1109800.0,0.0694,7,Farmland,1757200.0,Active
LN-20025,BOR-1019,Equipment Loan,2023-05-01,2030-05-01,539000.0,0.0733,7,Equipment,734200.0,Active
LN-20026,BOR-1019,Farm Mortgage,2024-04-01,2049-04-01,1630500.0,0.0603,25,Farmland,2921100.0,Active
LN-20027,BOR-1020,Term Loan,2020-04-01,2027-04-01,538700.0,0.0819,7,Farmland,914800.0,Active
LN-20028,BOR-1021,Term Loan,2025-06-01,2035-06-01,772800.0,0.0702,10,Farmland,1189000.0,Active
LN-20029,BOR-1021,Farm Mortgage,2026-04-01,2046-04-01,1226800.0,0.0658,20,Farmland,2333500.0,Active
LN-20030,BOR-1022,Operating Line of Credit,2024-11-01,2026-11-01,422700.0,0.087,1,General Security Agreement,666500.0,Active
LN-20031,BOR-1023,Equipment Loan,2025-09-01,2030-09-01,775100.0,0.0741,5,Equipment,956800.0,Active
LN-20032,BOR-1024,Equipment Loan,2025-04-01,2030-04-01,261000.0,0.0739,5,Equipment,279900.0,Active
LN-20033,BOR-1025,Operating Line of Credit,2025-10-01,2026-10-01,238800.0,0.0735,1,General Security Agreement,266200.0,Active
LN-20034,BOR-1026,Operating Line of Credit,2025-09-01,2026-09-01,308300.0,0.0731,1,General Security Agreement,396100.0,Active
LN-20035,BOR-1027,Equipment Loan,2026-04-01,2031-04-01,282200.0,0.0708,5,Equipment,343100.0,Active
LN-20036,BOR-1028,Term Loan,2023-11-01,2033-11-01,349400.0,0.067,10,General Security Agreement,530400.0,Active
LN-20037,BOR-1029,Term Loan,2025-09-01,2030-09-01,552500.0,0.0768,5,Farmland,1168400.0,Active
LN-20038,BOR-1030,Operating Line of Credit,2023-04-01,2027-04-01,301900.0,0.0761,1,General Security Agreement,469100.0,Active
LN-20039,BOR-1031,Equipment Loan,2025-06-01,2030-06-01,595900.0,0.0783,5,Equipment,672600.0,Active
LN-20040,BOR-1032,Equipment Loan,2022-05-01,2029-05-01,625900.0,0.0654,7,Equipment,842500.0,Active
LN-20041,BOR-1032,Operating Line of Credit,2023-06-01,2027-06-01,193100.0,0.0797,1,General Security Agreement,289500.0,Active
LN-20042,BOR-1033,Term Loan,2024-06-01,2034-06-01,313600.0,0.0754,10,Farmland,633000.0,Active
LN-20043,BOR-1033,Farm Mortgage,2022-09-01,2047-09-01,2744100.0,0.066,25,Farmland,4622900.0,Active
LN-20044,BOR-1034,Operating Line of Credit,2017-04-01,2027-04-01,59200.0,0.0801,1,General Security Agreement,86100.0,Active
LN-20045,BOR-1035,Term Loan,2022-07-01,2032-07-01,146900.0,0.0727,10,Farmland,224700.0,Active
LN-20046,BOR-1035,Operating Line of Credit,2024-09-01,2026-09-01,64100.0,0.0838,1,General Security Agreement,83800.0,Active
LN-20047,BOR-1036,Operating Line of Credit,2024-03-01,2027-03-01,247100.0,0.0795,1,General Security Agreement,343600.0,Active
LN-20048,BOR-1037,Farm Mortgage,2024-02-01,2039-02-01,399000.0,0.0618,15,Farmland,706800.0,Active
LN-20049,BOR-1038,Equipment Loan,2025-09-01,2030-09-01,347300.0,0.0728,5,Equipment,350000.0,Active
LN-20050,BOR-1039,Operating Line of Credit,2024-01-01,2027-01-01,256800.0,0.0892,1,General Security Agreement,410300.0,Active
LN-20051,BOR-1040,Equipment Loan,2022-01-01,2029-01-01,466700.0,0.0722,7,Equipment,588800.0,Active
LN-20052,BOR-1041,Equipment Loan,2025-12-01,2032-12-01,574600.0,0.0697,7,Equipment,760000.0,Active
LN-20053,BOR-1041,Term Loan,2025-08-01,2035-08-01,245800.0,0.0677,10,Farmland,428700.0,Active
LN-20054,BOR-1042,Equipment Loan,2022-11-01,2029-11-01,464300.0,0.0767,7,Equipment,560700.0,Active
LN-20055,BOR-1043,Equipment Loan,2018-07-01,2025-07-01,181300.0,0.062,7,Equipment,239800.0,Paid Off
LN-20056,BOR-1044,Operating Line of Credit,2020-04-01,2027-04-01,385800.0,0.085,1,General Security Agreement,436300.0,Active
LN-20057,BOR-1045,Term Loan,2024-08-01,2029-08-01,1079000.0,0.0721,5,Farmland,1512900.0,Active
LN-20058,BOR-1046,Term Loan,2026-04-01,2031-04-01,1050600.0,0.0664,5,Farmland,1537600.0,Active
LN-20059,BOR-1047,Term Loan,2024-04-01,2034-04-01,313900.0,0.0694,10,General Security Agreement,440000.0,Active
LN-20060,BOR-1048,Operating Line of Credit,2024-04-01,2027-04-01,165100.0,0.0895,1,General Security Agreement,242100.0,Active
LN-20061,BOR-1049,Term Loan,2024-07-01,2029-07-01,1315400.0,0.0757,5,General Security Agreement,1961900.0,Active
LN-20062,BOR-1049,Operating Line of Credit,2023-10-01,2026-10-01,422700.0,0.0795,1,General Security Agreement,616700.0,Active
LN-20063,BOR-1050,Equipment Loan,2024-06-01,2031-06-01,65600.0,0.0639,7,Equipment,74500.0,Active
LN-20064,BOR-1051,Term Loan,2025-10-01,2035-10-01,843100.0,0.0819,10,Farmland,1119200.0,Active
LN-20065,BOR-1052,Farm Mortgage,2025-10-01,2050-10-01,981200.0,0.0694,25,Farmland,1525600.0,Active
LN-20066,BOR-1053,Operating Line of Credit,2022-08-01,2026-08-01,417000.0,0.0859,1,General Security Agreement,666800.0,Active
LN-20067,BOR-1053,Term Loan,2025-03-01,2035-03-01,769900.0,0.0811,10,General Security Agreement,928300.0,Active
LN-20068,BOR-1054,Operating Line of Credit,2024-05-01,2027-05-01,435500.0,0.0758,1,General Security Agreement,480700.0,Active
LN-20069,BOR-1055,Operating Line of Credit,2025-03-01,2027-03-01,108400.0,0.0879,1,General Security Agreement,127700.0,Active
LN-20070,BOR-1056,Term Loan,2017-02-01,2022-02-01,946600.0,0.0667,5,Farmland,1733100.0,Paid Off
LN-20071,BOR-1056,Farm Mortgage,2018-07-01,2033-07-01,2466800.0,0.061,15,Farmland,4515100.0,Active
LN-20072,BOR-1057,Operating Line of Credit,2023-09-01,2026-09-01,262300.0,0.0843,1,General Security Agreement,419300.0,Active
LN-20073,BOR-1058,Term Loan,2019-11-01,2024-11-01,275900.0,0.0761,5,General Security Agreement,390000.0,Paid Off
LN-20074,BOR-1059,Equipment Loan,2019-04-01,2026-04-01,243900.0,0.0764,7,Equipment,304400.0,Paid Off
LN-20075,BOR-1060,Equipment Loan,2023-03-01,2028-03-01,463100.0,0.0724,5,Equipment,500400.0,Active
LN-20076,BOR-1060,Term Loan,2016-09-01,2021-09-01,871400.0,0.0662,5,General Security Agreement,1324600.0,Paid Off
LN-20077,BOR-1060,Farm Mortgage,2025-10-01,2045-10-01,2777000.0,0.0565,20,Farmland,3779100.0,Active
LN-20078,BOR-1061,Equipment Loan,2016-09-01,2023-09-01,102700.0,0.0604,7,Equipment,123700.0,Paid Off
LN-20079,BOR-1062,Term Loan,2026-05-01,2033-05-01,428000.0,0.0796,7,General Security Agreement,658500.0,Active
LN-20080,BOR-1062,Equipment Loan,2026-01-01,2033-01-01,439700.0,0.0766,7,Equipment,451700.0,Active
LN-20081,BOR-1063,Term Loan,2023-01-01,2028-01-01,1068200.0,0.084,5,Farmland,1856000.0,Default/Charged Off
LN-20082,BOR-1063,Equipment Loan,2023-03-01,2030-03-01,606300.0,0.0649,7,Equipment,766200.0,Active
LN-20083,BOR-1064,Equipment Loan,2025-11-01,2032-11-01,491600.0,0.0629,7,Equipment,547400.0,Active
LN-20084,BOR-1064,Term Loan,2025-08-01,2030-08-01,266400.0,0.0752,5,General Security Agreement,315600.0,Active
LN-20085,BOR-1064,Operating Line of Credit,2026-01-01,2027-01-01,375600.0,0.0739,1,General Security Agreement,581500.0,Active
LN-20086,BOR-1065,Operating Line of Credit,2023-05-01,2027-05-01,194000.0,0.0745,1,General Security Agreement,295100.0,Active
LN-20087,BOR-1066,Term Loan,2018-08-01,2025-08-01,914800.0,0.069,7,General Security Agreement,1243600.0,Paid Off
LN-20088,BOR-1066,Equipment Loan,2021-05-01,2028-05-01,540000.0,0.0672,7,Equipment,579000.0,Active
LN-20089,BOR-1067,Term Loan,2016-09-01,2023-09-01,1217200.0,0.0799,7,General Security Agreement,1624000.0,Paid Off
LN-20090,BOR-1067,Equipment Loan,2021-03-01,2026-03-01,496700.0,0.0784,5,Equipment,670500.0,Paid Off
LN-20091,BOR-1068,Term Loan,2024-12-01,2031-12-01,173200.0,0.0798,7,Farmland,265200.0,Active
LN-20092,BOR-1069,Operating Line of Credit,2020-01-01,2027-01-01,51000.0,0.0802,1,General Security Agreement,60700.0,Active
LN-20093,BOR-1069,Term Loan,2020-08-01,2025-08-01,959000.0,0.0696,5,General Security Agreement,1236800.0,Paid Off
LN-20094,BOR-1070,Term Loan,2019-07-01,2029-07-01,431600.0,0.0656,10,General Security Agreement,654200.0,Active
LN-20095,BOR-1071,Operating Line of Credit,2025-08-01,2026-08-01,305300.0,0.0866,1,General Security Agreement,371900.0,Active
LN-20096,BOR-1072,Term Loan,2025-10-01,2030-10-01,157200.0,0.0713,5,General Security Agreement,181500.0,Active
LN-20097,BOR-1073,Term Loan,2024-04-01,2034-04-01,785100.0,0.0761,10,Farmland,1615700.0,Active
LN-20098,BOR-1074,Operating Line of Credit,2025-02-01,2027-02-01,70200.0,0.0865,1,General Security Agreement,91800.0,Active
LN-20099,BOR-1074,Term Loan,2024-10-01,2031-10-01,558000.0,0.0844,7,Farmland,801400.0,Active
LN-20100,BOR-1074,Equipment Loan,2026-05-01,2033-05-01,174100.0,0.0732,7,Equipment,190500.0,Active
LN-20101,BOR-1075,Term Loan,2025-05-01,2030-05-01,156700.0,0.0749,5,Farmland,237300.0,Active
LN-20102,BOR-1075,Operating Line of Credit,2025-01-01,2027-01-01,422800.0,0.0894,1,General Security Agreement,562200.0,Active
LN-20103,BOR-1076,Equipment Loan,2025-10-01,2030-10-01,698300.0,0.0656,5,Equipment,729600.0,Active
LN-20104,BOR-1076,Term Loan,2025-01-01,2035-01-01,503700.0,0.0757,10,General Security Agreement,804900.0,Active
LN-20105,BOR-1077,Term Loan,2018-09-01,2028-09-01,600600.0,0.0746,10,Farmland,1243600.0,Active
LN-20106,BOR-1078,Term Loan,2017-10-01,2022-10-01,965300.0,0.0742,5,Farmland,1612500.0,Paid Off
LN-20107,BOR-1078,Operating Line of Credit,2020-06-01,2027-06-01,134500.0,0.0851,1,General Security Agreement,169600.0,Active
LN-20108,BOR-1079,Operating Line of Credit,2024-10-01,2026-10-01,444800.0,0.0724,1,General Security Agreement,556100.0,Active
LN-20109,BOR-1080,Term Loan,2025-02-01,2030-02-01,1168500.0,0.0699,5,Farmland,1954200.0,Active
LN-20110,BOR-1081,Equipment Loan,2024-03-01,2031-03-01,593100.0,0.0736,7,Equipment,723800.0,Active
LN-20111,BOR-1081,Operating Line of Credit,2025-04-01,2027-04-01,396800.0,0.0763,1,General Security Agreement,532000.0,Active
LN-20112,BOR-1082,Term Loan,2024-05-01,2031-05-01,1032700.0,0.0823,7,Farmland,1682800.0,Active
LN-20113,BOR-1083,Term Loan,2020-01-01,2025-01-01,1485500.0,0.0749,5,General Security Agreement,2362000.0,Paid Off
LN-20114,BOR-1084,Equipment Loan,2022-04-01,2027-04-01,262800.0,0.0614,5,Equipment,263000.0,Active
LN-20115,BOR-1085,Term Loan,2020-06-01,2030-06-01,1177700.0,0.0795,10,Farmland,2276900.0,Active
LN-20116,BOR-1085,Equipment Loan,2019-03-01,2024-03-01,792600.0,0.0649,5,Equipment,1050500.0,Paid Off
LN-20117,BOR-1086,Operating Line of Credit,2023-11-01,2026-11-01,389800.0,0.0707,1,General Security Agreement,541000.0,Active
LN-20118,BOR-1087,Equipment Loan,2023-08-01,2030-08-01,172100.0,0.0673,7,Equipment,185200.0,Active
LN-20119,BOR-1088,Term Loan,2025-02-01,2035-02-01,205500.0,0.0786,10,General Security Agreement,313400.0,Active
LN-20120,BOR-1088,Operating Line of Credit,2024-08-01,2026-08-01,491600.0,0.0834,1,General Security Agreement,665100.0,Active
LN-20121,BOR-1089,Operating Line of Credit,2025-12-01,2026-12-01,156000.0,0.0799,1,General Security Agreement,228500.0,Active
LN-20122,BOR-1089,Equipment Loan,2026-05-01,2031-05-01,202000.0,0.0642,5,Equipment,237100.0,Active
LN-20123,BOR-1090,Term Loan,2026-05-01,2033-05-01,656300.0,0.0775,7,General Security Agreement,935800.0,Active
LN-20124,BOR-1091,Term Loan,2017-07-01,2027-07-01,404900.0,0.0671,10,General Security Agreement,620300.0,Active
LN-20125,BOR-1091,Equipment Loan,2021-02-01,2028-02-01,277700.0,0.0735,7,Equipment,313600.0,Active
LN-20126,BOR-1092,Term Loan,2025-06-01,2032-06-01,869000.0,0.0739,7,Farmland,1863800.0,Active
LN-20127,BOR-1093,Equipment Loan,2025-05-01,2030-05-01,517100.0,0.077,5,Equipment,557500.0,Active
LN-20128,BOR-1093,Term Loan,2019-09-01,2024-09-01,471000.0,0.0705,5,Farmland,750500.0,Paid Off
LN-20129,BOR-1094,Operating Line of Credit,2018-02-01,2027-02-01,73900.0,0.0768,1,General Security Agreement,87800.0,Active
LN-20130,BOR-1095,Term Loan,2023-01-01,2033-01-01,101300.0,0.0745,10,Farmland,156600.0,Active
LN-20131,BOR-1096,Farm Mortgage,2023-11-01,2043-11-01,2564400.0,0.067,20,Farmland,3620900.0,Active
LN-20132,BOR-1096,Term Loan,2026-01-01,2033-01-01,683400.0,0.0824,7,Farmland,1241600.0,Active
LN-20133,BOR-1096,Operating Line of Credit,2023-10-01,2026-10-01,120100.0,0.0837,1,General Security Agreement,187100.0,Active
LN-20134,BOR-1097,Term Loan,2024-12-01,2031-12-01,911000.0,0.0732,7,General Security Agreement,1400600.0,Active
LN-20135,BOR-1098,Term Loan,2024-12-01,2031-12-01,529100.0,0.0657,7,Farmland,1002200.0,Active
LN-20136,BOR-1099,Term Loan,2026-04-01,2036-04-01,285300.0,0.0666,10,General Security Agreement,320500.0,Active
LN-20137,BOR-1100,Equipment Loan,2020-09-01,2027-09-01,310900.0,0.0657,7,Equipment,417400.0,Active
LN-20138,BOR-1100,Farm Mortgage,2024-04-01,2044-04-01,2240100.0,0.0621,20,Farmland,4377900.0,Active
LN-20139,BOR-1101,Term Loan,2018-11-01,2023-11-01,660300.0,0.0746,5,General Security Agreement,982400.0,Paid Off
LN-20140,BOR-1101,Operating Line of Credit,2024-01-01,2027-01-01,489900.0,0.0789,1,General Security Agreement,630400.0,Active
LN-20141,BOR-1102,Term Loan,2023-02-01,2030-02-01,221000.0,0.0736,7,Farmland,356200.0,Active
LN-20142,BOR-1103,Term Loan,2023-04-01,2028-04-01,1361700.0,0.0763,5,General Security Agreement,1899800.0,Active
LN-20143,BOR-1103,Operating Line of Credit,2023-11-01,2026-11-01,278000.0,0.073,1,General Security Agreement,367900.0,Active
LN-20144,BOR-1104,Term Loan,2021-02-01,2031-02-01,957400.0,0.0664,10,General Security Agreement,1177300.0,Active
LN-20145,BOR-1105,Operating Line of Credit,2025-01-01,2027-01-01,192400.0,0.0883,1,General Security Agreement,244700.0,Active
LN-20146,BOR-1106,Farm Mortgage,2016-12-01,2031-12-01,2288600.0,0.0652,15,Farmland,3245400.0,Active
LN-20147,BOR-1107,Term Loan,2023-08-01,2028-08-01,500300.0,0.0664,5,General Security Agreement,704700.0,Active
LN-20148,BOR-1107,Equipment Loan,2026-03-01,2031-03-01,701700.0,0.0622,5,Equipment,850400.0,Active
LN-20149,BOR-1108,Operating Line of Credit,2018-06-01,2027-06-01,465900.0,0.0809,1,General Security Agreement,609200.0,Active
LN-20150,BOR-1109,Term Loan,2023-12-01,2033-12-01,805300.0,0.0834,10,Farmland,1244400.0,Active
LN-20151,BOR-1109,Farm Mortgage,2025-02-01,2045-02-01,2044700.0,0.0635,20,Farmland,3963600.0,Active
LN-20152,BOR-1109,Operating Line of Credit,2022-07-01,2026-07-01,339800.0,0.0779,1,General Security Agreement,374500.0,Active
LN-20153,BOR-1110,Term Loan,2017-04-01,2024-04-01,205000.0,0.0736,7,General Security Agreement,292700.0,Paid Off
LN-20154,BOR-1111,Farm Mortgage,2022-11-01,2037-11-01,2765600.0,0.0638,15,Farmland,5755800.0,Active
LN-20155,BOR-1112,Equipment Loan,2021-01-01,2028-01-01,152600.0,0.0737,7,Equipment,153600.0,Active
LN-20156,BOR-1113,Farm Mortgage,2026-05-01,2046-05-01,1084300.0,0.0577,20,Farmland,1877200.0,Active
LN-20157,BOR-1114,Equipment Loan,2020-04-01,2025-04-01,206500.0,0.0609,5,Equipment,273800.0,Paid Off
LN-20158,BOR-1114,Operating Line of Credit,2021-08-01,2026-08-01,378400.0,0.0782,1,General Security Agreement,528800.0,Active
LN-20159,BOR-1115,Operating Line of Credit,2026-01-01,2027-01-01,282900.0,0.0836,1,General Security Agreement,444200.0,Active
LN-20160,BOR-1116,Term Loan,2026-05-01,2033-05-01,430900.0,0.075,7,General Security Agreement,593000.0,Active
LN-20161,BOR-1117,Term Loan,2020-06-01,2025-06-01,1085600.0,0.0732,5,General Security Agreement,1418900.0,Paid Off
LN-20162,BOR-1117,Operating Line of Credit,2018-04-01,2027-04-01,404100.0,0.0882,1,General Security Agreement,564400.0,Active
LN-20163,BOR-1118,Operating Line of Credit,2025-10-01,2026-10-01,383100.0,0.0766,1,General Security Agreement,435500.0,Active
LN-20164,BOR-1119,Term Loan,2023-08-01,2033-08-01,318400.0,0.0826,10,Farmland,492700.0,Active
LN-20165,BOR-1120,Term Loan,2023-01-01,2028-01-01,522000.0,0.0678,5,Farmland,1042900.0,Active
LN-20166,BOR-1121,Equipment Loan,2026-04-01,2031-04-01,654200.0,0.0625,5,Equipment,902700.0,Active
LN-20167,BOR-1122,Operating Line of Credit,2020-02-01,2027-02-01,60500.0,0.0756,1,General Security Agreement,81800.0,Active
LN-20168,BOR-1123,Term Loan,2025-01-01,2032-01-01,1027100.0,0.0673,7,Farmland,1744300.0,Active
LN-20169,BOR-1123,Equipment Loan,2025-07-01,2030-07-01,526500.0,0.0687,5,Equipment,673100.0,Active
LN-20170,BOR-1124,Operating Line of Credit,2018-12-01,2026-12-01,299500.0,0.0744,1,General Security Agreement,431300.0,Active
LN-20171,BOR-1125,Term Loan,2024-06-01,2034-06-01,309600.0,0.0769,10,Farmland,642100.0,Active
LN-20172,BOR-1126,Term Loan,2023-10-01,2030-10-01,651400.0,0.085,7,Farmland,1011300.0,Active
LN-20173,BOR-1126,Operating Line of Credit,2025-02-01,2027-02-01,248900.0,0.0754,1,General Security Agreement,333600.0,Active
LN-20174,BOR-1127,Operating Line of Credit,2024-08-01,2026-08-01,450000.0,0.0858,1,General Security Agreement,607200.0,Active
LN-20175,BOR-1128,Term Loan,2025-08-01,2035-08-01,1329700.0,0.0792,10,Farmland,1874200.0,Active
LN-20176,BOR-1129,Term Loan,2025-02-01,2035-02-01,642400.0,0.0838,10,Farmland,1306300.0,Active
LN-20177,BOR-1129,Operating Line of Credit,2022-04-01,2027-04-01,387000.0,0.0834,1,General Security Agreement,504600.0,Active
LN-20178,BOR-1130,Term Loan,2023-01-01,2033-01-01,486100.0,0.0826,10,Farmland,781300.0,Active
LN-20179,BOR-1131,Operating Line of Credit,2025-07-01,2026-07-01,372500.0,0.0757,1,General Security Agreement,527000.0,Active
LN-20180,BOR-1132,Term Loan,2026-03-01,2036-03-01,315200.0,0.0723,10,General Security Agreement,446300.0,Active
LN-20181,BOR-1132,Operating Line of Credit,2025-03-01,2027-03-01,134500.0,0.0872,1,General Security Agreement,188000.0,Active
LN-20182,BOR-1133,Operating Line of Credit,2018-12-01,2026-12-01,345000.0,0.0838,1,General Security Agreement,418800.0,Active
LN-20183,BOR-1133,Equipment Loan,2026-04-01,2033-04-01,606400.0,0.0648,7,Equipment,661700.0,Active
LN-20184,BOR-1133,Term Loan,2020-06-01,2027-06-01,431400.0,0.0822,7,Farmland,838300.0,Active
LN-20185,BOR-1134,Term Loan,2024-02-01,2031-02-01,780900.0,0.0699,7,Farmland,1021700.0,Active
LN-20186,BOR-1135,Term Loan,2022-09-01,2029-09-01,143600.0,0.0774,7,General Security Agreement,180700.0,Active
LN-20187,BOR-1136,Operating Line of Credit,2020-11-01,2026-11-01,143700.0,0.0862,1,General Security Agreement,223700.0,Active
LN-20188,BOR-1136,Term Loan,2022-05-01,2029-05-01,1374900.0,0.0695,7,General Security Agreement,1723600.0,Active
LN-20189,BOR-1137,Operating Line of Credit,2018-02-01,2027-02-01,135300.0,0.0884,1,General Security Agreement,155800.0,Active
LN-20190,BOR-1138,Equipment Loan,2025-08-01,2032-08-01,577800.0,0.0671,7,Equipment,629500.0,Active
LN-20191,BOR-1139,Operating Line of Credit,2020-07-01,2026-07-01,208900.0,0.0823,1,General Security Agreement,299000.0,Active
LN-20192,BOR-1140,Term Loan,2024-12-01,2029-12-01,1183600.0,0.078,5,General Security Agreement,1540400.0,Active
LN-20193,BOR-1140,Operating Line of Credit,2018-03-01,2027-03-01,155700.0,0.0806,1,General Security Agreement,227800.0,Active
LN-20194,BOR-1141,Term Loan,2021-05-01,2026-05-01,809200.0,0.0747,5,General Security Agreement,1067100.0,Paid Off
LN-20195,BOR-1142,Equipment Loan,2024-03-01,2031-03-01,526300.0,0.0722,7,Equipment,594100.0,Active
LN-20196,BOR-1142,Operating Line of Credit,2022-12-01,2026-12-01,316400.0,0.0705,1,General Security Agreement,482800.0,Active
LN-20197,BOR-1143,Operating Line of Credit,2022-07-01,2026-07-01,326700.0,0.074,1,General Security Agreement,505700.0,Active
LN-20198,BOR-1144,Equipment Loan,2017-12-01,2022-12-01,622200.0,0.0648,5,Equipment,700900.0,Paid Off
LN-20199,BOR-1145,Term Loan,2025-01-01,2035-01-01,1498400.0,0.0696,10,General Security Agreement,2382600.0,Active
LN-20200,BOR-1146,Operating Line of Credit,2025-08-01,2026-08-01,301400.0,0.0724,1,General Security Agreement,454600.0,Active
LN-20201,BOR-1147,Operating Line of Credit,2023-01-01,2027-01-01,297300.0,0.0821,1,General Security Agreement,352100.0,Active
LN-20202,BOR-1148,Term Loan,2025-10-01,2030-10-01,302900.0,0.0834,5,General Security Agreement,427600.0,Active
LN-20203,BOR-1149,Term Loan,2019-11-01,2026-11-01,804400.0,0.0709,7,Farmland,1411900.0,Active
LN-20204,BOR-1150,Term Loan,2021-03-01,2028-03-01,1104200.0,0.0685,7,General Security Agreement,1444700.0,Active
LN-20205,BOR-1150,Operating Line of Credit,2018-03-01,2027-03-01,73200.0,0.0887,1,General Security Agreement,109200.0,Active
LN-20206,BOR-1150,Equipment Loan,2024-11-01,2029-11-01,362200.0,0.0787,5,Equipment,421900.0,Active
LN-20207,BOR-1151,Term Loan,2025-08-01,2030-08-01,877900.0,0.0788,5,General Security Agreement,1329100.0,Active
LN-20208,BOR-1151,Farm Mortgage,2020-10-01,2045-10-01,2613100.0,0.0634,25,Farmland,3450700.0,Active
LN-20209,BOR-1152,Equipment Loan,2025-10-01,2032-10-01,387900.0,0.0633,7,Equipment,467000.0,Active
LN-20210,BOR-1153,Term Loan,2017-08-01,2022-08-01,1154700.0,0.0837,5,Farmland,2126200.0,Paid Off
LN-20211,BOR-1153,Operating Line of Credit,2025-09-01,2026-09-01,395000.0,0.0711,1,General Security Agreement,534500.0,Active
LN-20212,BOR-1154,Term Loan,2016-11-01,2023-11-01,876000.0,0.0761,7,General Security Agreement,1057300.0,Paid Off
LN-20213,BOR-1154,Operating Line of Credit,2020-11-01,2026-11-01,462500.0,0.0895,1,General Security Agreement,578000.0,Active
LN-20214,BOR-1155,Term Loan,2021-06-01,2031-06-01,768900.0,0.0825,10,General Security Agreement,861100.0,Active
LN-20215,BOR-1156,Equipment Loan,2024-09-01,2029-09-01,516100.0,0.0713,5,Equipment,708000.0,Active
LN-20216,BOR-1157,Equipment Loan,2025-03-01,2030-03-01,721900.0,0.0697,5,Equipment,801800.0,Active
LN-20217,BOR-1158,Term Loan,2020-01-01,2030-01-01,404300.0,0.0663,10,Farmland,643800.0,Active
LN-20218,BOR-1158,Operating Line of Credit,2017-04-01,2027-04-01,315300.0,0.0791,1,General Security Agreement,503100.0,Active
LN-20219,BOR-1159,Term Loan,2025-09-01,2030-09-01,612900.0,0.0799,5,Farmland,979800.0,Active
LN-20220,BOR-1159,Operating Line of Credit,2026-02-01,2027-02-01,372400.0,0.0825,1,General Security Agreement,418400.0,Active
LN-20221,BOR-1159,Farm Mortgage,2025-09-01,2050-09-01,688300.0,0.0557,25,Farmland,897400.0,Active
LN-20222,BOR-1160,Operating Line of Credit,2022-06-01,2027-06-01,346100.0,0.0777,1,General Security Agreement,381300.0,Active
LN-20223,BOR-1161,Term Loan,2025-05-01,2032-05-01,131700.0,0.0756,7,Farmland,243300.0,Active
LN-20224,BOR-1161,Equipment Loan,2018-02-01,2025-02-01,561200.0,0.0624,7,Equipment,758800.0,Paid Off
LN-20225,BOR-1162,Operating Line of Credit,2023-07-01,2026-07-01,294300.0,0.0751,1,General Security Agreement,349100.0,Active
LN-20226,BOR-1162,Term Loan,2019-01-01,2026-01-01,338300.0,0.0742,7,General Security Agreement,380900.0,Paid Off
LN-20227,BOR-1162,Equipment Loan,2024-02-01,2029-02-01,747400.0,0.0615,5,Equipment,882300.0,Active
LN-20228,BOR-1163,Farm Mortgage,2025-08-01,2040-08-01,2750800.0,0.0611,15,Farmland,4504700.0,Active
LN-20229,BOR-1164,Term Loan,2020-07-01,2027-07-01,271700.0,0.067,7,General Security Agreement,312300.0,Active
LN-20230,BOR-1165,Operating Line of Credit,2022-09-01,2026-09-01,249000.0,0.0728,1,General Security Agreement,297900.0,Active
LN-20231,BOR-1166,Equipment Loan,2019-09-01,2024-09-01,736600.0,0.0681,5,Equipment,946500.0,Paid Off
LN-20232,BOR-1167,Term Loan,2026-02-01,2033-02-01,890800.0,0.0678,7,Farmland,1403300.0,Active
LN-20233,BOR-1167,Operating Line of Credit,2025-01-01,2027-01-01,167600.0,0.0792,1,General Security Agreement,227000.0,Active
LN-20234,BOR-1168,Term Loan,2025-01-01,2032-01-01,1250600.0,0.0746,7,Farmland,1916300.0,Active
LN-20235,BOR-1169,Equipment Loan,2018-06-01,2025-06-01,367200.0,0.0685,7,Equipment,462800.0,Paid Off
LN-20236,BOR-1169,Operating Line of Credit,2025-03-01,2027-03-01,313300.0,0.0731,1,General Security Agreement,402400.0,Active
LN-20237,BOR-1170,Term Loan,2024-10-01,2034-10-01,1317800.0,0.0833,10,Farmland,2847400.0,Active
LN-20238,BOR-1171,Equipment Loan,2023-08-01,2030-08-01,617400.0,0.0715,7,Equipment,661300.0,Active
LN-20239,BOR-1171,Term Loan,2019-07-01,2024-07-01,1124000.0,0.0842,5,General Security Agreement,1449000.0,Paid Off
LN-20240,BOR-1172,Term Loan,2026-04-01,2036-04-01,1198900.0,0.0761,10,Farmland,2215100.0,Active
LN-20241,BOR-1173,Operating Line of Credit,2026-04-01,2027-04-01,438200.0,0.0834,1,General Security Agreement,609900.0,Active
LN-20242,BOR-1174,Term Loan,2021-12-01,2031-12-01,569600.0,0.0652,10,General Security Agreement,911000.0,Active
LN-20243,BOR-1174,Equipment Loan,2021-06-01,2028-06-01,270900.0,0.0637,7,Equipment,317000.0,Active
LN-20244,BOR-1174,Operating Line of Credit,2021-06-01,2027-06-01,162900.0,0.0769,1,General Security Agreement,207300.0,Active
LN-20245,BOR-1175,Term Loan,2025-04-01,2032-04-01,1385100.0,0.0731,7,Farmland,1908400.0,Active
LN-20246,BOR-1176,Equipment Loan,2024-06-01,2031-06-01,159000.0,0.0629,7,Equipment,217600.0,Active
LN-20247,BOR-1176,Term Loan,2025-04-01,2032-04-01,712900.0,0.0719,7,Farmland,1085100.0,Active
LN-20248,BOR-1177,Term Loan,2024-06-01,2034-06-01,1185800.0,0.0789,10,General Security Agreement,1796100.0,Active
LN-20249,BOR-1178,Term Loan,2022-04-01,2032-04-01,159300.0,0.0824,10,General Security Agreement,180800.0,Active
LN-20250,BOR-1179,Equipment Loan,2020-08-01,2025-08-01,202800.0,0.0783,5,Equipment,256200.0,Paid Off
LN-20251,BOR-1179,Operating Line of Credit,2023-12-01,2026-12-01,342900.0,0.0881,1,General Security Agreement,536300.0,Active
LN-20252,BOR-1180,Operating Line of Credit,2020-08-01,2026-08-01,213700.0,0.0864,1,General Security Agreement,243300.0,Active
LN-20253,BOR-1181,Farm Mortgage,2019-08-01,2039-08-01,2676600.0,0.0693,20,Farmland,5368300.0,Active
LN-20254,BOR-1182,Term Loan,2017-03-01,2024-03-01,142300.0,0.0769,7,General Security Agreement,205000.0,Paid Off
LN-20255,BOR-1182,Farm Mortgage,2018-08-01,2033-08-01,915800.0,0.0658,15,Farmland,1873800.0,Active
LN-20256,BOR-1183,Operating Line of Credit,2022-02-01,2027-02-01,402500.0,0.0738,1,General Security Agreement,599500.0,Active
LN-20257,BOR-1184,Term Loan,2020-12-01,2025-12-01,737700.0,0.0836,5,General Security Agreement,954500.0,Paid Off
LN-20258,BOR-1185,Operating Line of Credit,2024-12-01,2026-12-01,68400.0,0.0836,1,General Security Agreement,88400.0,Active
LN-20259,BOR-1185,Term Loan,2025-04-01,2030-04-01,305200.0,0.0761,5,General Security Agreement,389800.0,Active
LN-20260,BOR-1185,Farm Mortgage,2026-01-01,2046-01-01,657600.0,0.0584,20,Farmland,1013300.0,Active
LN-20261,BOR-1186,Term Loan,2026-01-01,2031-01-01,756000.0,0.0656,5,Farmland,1223300.0,Active
LN-20262,BOR-1186,Equipment Loan,2024-01-01,2029-01-01,338600.0,0.0698,5,Equipment,339400.0,Active
LN-20263,BOR-1187,Operating Line of Credit,2024-04-01,2027-04-01,467500.0,0.082,1,General Security Agreement,597800.0,Active
LN-20264,BOR-1187,Farm Mortgage,2020-09-01,2035-09-01,1440200.0,0.0649,15,Farmland,2820600.0,Active
LN-20265,BOR-1187,Equipment Loan,2018-07-01,2023-07-01,118900.0,0.0766,5,Equipment,163800.0,Paid Off
LN-20266,BOR-1188,Term Loan,2025-02-01,2030-02-01,1236600.0,0.0814,5,Farmland,1908700.0,Active
LN-20267,BOR-1189,Term Loan,2024-07-01,2034-07-01,723800.0,0.0651,10,General Security Agreement,1066700.0,Active
LN-20268,BOR-1189,Operating Line of Credit,2025-09-01,2026-09-01,128500.0,0.0886,1,General Security Agreement,152800.0,Active
LN-20269,BOR-1190,Term Loan,2025-06-01,2032-06-01,255000.0,0.0671,7,General Security Agreement,287500.0,Active
LN-20270,BOR-1190,Equipment Loan,2023-01-01,2028-01-01,657300.0,0.0759,5,Equipment,793600.0,Active
LN-20271,BOR-1191,Operating Line of Credit,2024-09-01,2026-09-01,78300.0,0.0889,1,General Security Agreement,112900.0,Active
LN-20272,BOR-1192,Term Loan,2026-02-01,2031-02-01,731300.0,0.0765,5,General Security Agreement,813900.0,Active
LN-20273,BOR-1193,Term Loan,2025-07-01,2030-07-01,612600.0,0.0827,5,General Security Agreement,717700.0,Active
LN-20274,BOR-1194,Equipment Loan,2025-04-01,2032-04-01,284500.0,0.0733,7,Equipment,321300.0,Active
LN-20275,BOR-1195,Term Loan,2024-03-01,2029-03-01,528800.0,0.0655,5,Farmland,768900.0,Active
LN-20276,BOR-1195,Farm Mortgage,2024-07-01,2044-07-01,1619100.0,0.0567,20,Farmland,3379700.0,Active
LN-20277,BOR-1196,Term Loan,2024-05-01,2029-05-01,660000.0,0.0807,5,Farmland,1177100.0,Active
LN-20278,BOR-1197,Term Loan,2024-12-01,2029-12-01,254200.0,0.0846,5,Farmland,374600.0,Active
LN-20279,BOR-1198,Operating Line of Credit,2023-05-01,2027-05-01,249700.0,0.075,1,General Security Agreement,358800.0,Active
LN-20280,BOR-1199,Farm Mortgage,2017-10-01,2037-10-01,1057800.0,0.058,20,Farmland,2146800.0,Active
LN-20281,BOR-1200,Equipment Loan,2020-08-01,2027-08-01,439100.0,0.0669,7,Equipment,571200.0,Active
LN-20282,BOR-1201,Operating Line of Credit,2026-02-01,2027-02-01,216200.0,0.07,1,General Security Agreement,341800.0,Active
LN-20283,BOR-1202,Operating Line of Credit,2025-08-01,2026-08-01,320000.0,0.081,1,General Security Agreement,507500.0,Active
LN-20284,BOR-1203,Operating Line of Credit,2019-05-01,2027-05-01,79000.0,0.077,1,General Security Agreement,93900.0,Active
LN-20285,BOR-1203,Term Loan,2019-07-01,2029-07-01,1026900.0,0.0826,10,General Security Agreement,1473800.0,Active
LN-20286,BOR-1204,Farm Mortgage,2025-01-01,2040-01-01,1218800.0,0.0565,15,Farmland,2607600.0,Active
LN-20287,BOR-1205,Operating Line of Credit,2020-09-01,2026-09-01,120300.0,0.0739,1,General Security Agreement,185200.0,Active
LN-20288,BOR-1206,Term Loan,2021-10-01,2031-10-01,801700.0,0.0823,10,Farmland,1750900.0,Default/Charged Off
LN-20289,BOR-1207,Equipment Loan,2026-05-01,2031-05-01,338400.0,0.0665,5,Equipment,435400.0,Active
LN-20290,BOR-1207,Operating Line of Credit,2026-02-01,2027-02-01,477800.0,0.0814,1,General Security Agreement,596000.0,Active
LN-20291,BOR-1208,Operating Line of Credit,2022-02-01,2027-02-01,242000.0,0.0858,1,General Security Agreement,267300.0,Active
LN-20292,BOR-1209,Operating Line of Credit,2022-04-01,2027-04-01,461900.0,0.0783,1,General Security Agreement,640800.0,Active
LN-20293,BOR-1210,Operating Line of Credit,2020-12-01,2026-12-01,80300.0,0.0879,1,General Security Agreement,110300.0,Active
LN-20294,BOR-1211,Term Loan,2023-08-01,2033-08-01,937100.0,0.0736,10,General Security Agreement,1052900.0,Active
LN-20295,BOR-1212,Term Loan,2025-11-01,2030-11-01,978000.0,0.0695,5,Farmland,1804400.0,Active
LN-20296,BOR-1212,Operating Line of Credit,2026-04-01,2027-04-01,80900.0,0.0789,1,General Security Agreement,101600.0,Active
LN-20297,BOR-1213,Operating Line of Credit,2022-08-01,2026-08-01,323500.0,0.0847,1,General Security Agreement,365400.0,Active
LN-20298,BOR-1213,Term Loan,2023-09-01,2033-09-01,525100.0,0.0734,10,Farmland,881500.0,Active
LN-20299,BOR-1214,Term Loan,2024-09-01,2029-09-01,1036200.0,0.0703,5,Farmland,1871800.0,Active
LN-20300,BOR-1215,Equipment Loan,2020-08-01,2025-08-01,638000.0,0.0675,5,Equipment,696100.0,Paid Off
LN-20301,BOR-1216,Term Loan,2026-05-01,2033-05-01,708400.0,0.0687,7,General Security Agreement,936800.0,Active
LN-20302,BOR-1217,Term Loan,2026-01-01,2036-01-01,504200.0,0.0691,10,General Security Agreement,588200.0,Active
LN-20303,BOR-1218,Operating Line of Credit,2025-06-01,2027-06-01,287800.0,0.0726,1,General Security Agreement,346800.0,Active
LN-20304,BOR-1218,Term Loan,2025-11-01,2032-11-01,1074500.0,0.0701,7,Farmland,2201700.0,Active
LN-20305,BOR-1219,Equipment Loan,2025-09-01,2032-09-01,321300.0,0.071,7,Equipment,437500.0,Active
LN-20306,BOR-1220,Operating Line of Credit,2024-01-01,2027-01-01,389500.0,0.0774,1,General Security Agreement,597400.0,Active
LN-20307,BOR-1221,Term Loan,2016-08-01,2026-08-01,917700.0,0.0734,10,General Security Agreement,1099100.0,Active
LN-20308,BOR-1222,Equipment Loan,2023-04-01,2028-04-01,129200.0,0.0707,5,Equipment,167900.0,Active
LN-20309,BOR-1222,Operating Line of Credit,2025-06-01,2027-06-01,181000.0,0.0725,1,General Security Agreement,280600.0,Active
LN-20310,BOR-1223,Term Loan,2024-01-01,2034-01-01,236100.0,0.0663,10,General Security Agreement,308600.0,Active
LN-20311,BOR-1223,Equipment Loan,2024-03-01,2031-03-01,727900.0,0.0768,7,Equipment,907300.0,Active
LN-20312,BOR-1224,Operating Line of Credit,2017-01-01,2027-01-01,358700.0,0.0721,1,General Security Agreement,430100.0,Active
LN-20313,BOR-1224,Farm Mortgage,2017-06-01,2032-06-01,2513500.0,0.07,15,Farmland,3494500.0,Active
LN-20314,BOR-1225,Term Loan,2022-12-01,2032-12-01,1220600.0,0.0826,10,General Security Agreement,1895800.0,Active
LN-20315,BOR-1225,Farm Mortgage,2022-05-01,2037-05-01,1036400.0,0.0591,15,Farmland,1982400.0,Active
LN-20316,BOR-1226,Term Loan,2023-09-01,2033-09-01,957800.0,0.0784,10,General Security Agreement,1235900.0,Active
LN-20317,BOR-1226,Farm Mortgage,2025-10-01,2050-10-01,2214800.0,0.0646,25,Farmland,4667100.0,Active
LN-20318,BOR-1227,Term Loan,2020-09-01,2025-09-01,1456100.0,0.0843,5,General Security Agreement,2154800.0,Paid Off
LN-20319,BOR-1227,Farm Mortgage,2022-06-01,2042-06-01,2308100.0,0.0563,20,Farmland,3297300.0,Active
LN-20320,BOR-1228,Term Loan,2018-12-01,2025-12-01,174400.0,0.0666,7,General Security Agreement,256800.0,Paid Off
LN-20321,BOR-1229,Operating Line of Credit,2026-03-01,2027-03-01,208200.0,0.0849,1,General Security Agreement,320200.0,Active
LN-20322,BOR-1229,Term Loan,2025-10-01,2035-10-01,439900.0,0.0755,10,Farmland,586700.0,Active
LN-20323,BOR-1229,Equipment Loan,2026-02-01,2031-02-01,580900.0,0.071,5,Equipment,601300.0,Active
LN-20324,BOR-1230,Farm Mortgage,2026-03-01,2051-03-01,882000.0,0.0661,25,Farmland,1793300.0,Active
LN-20325,BOR-1230,Operating Line of Credit,2025-12-01,2026-12-01,415300.0,0.0793,1,General Security Agreement,600300.0,Active
LN-20326,BOR-1230,Equipment Loan,2026-03-01,2033-03-01,149300.0,0.0623,7,Equipment,186700.0,Active
LN-20327,BOR-1231,Farm Mortgage,2026-03-01,2051-03-01,2046900.0,0.0609,25,Farmland,3776000.0,Active
LN-20328,BOR-1232,Operating Line of Credit,2022-05-01,2027-05-01,367400.0,0.0866,1,General Security Agreement,415600.0,Active
LN-20329,BOR-1232,Equipment Loan,2020-01-01,2027-01-01,616200.0,0.0703,7,Equipment,783600.0,Active
LN-20330,BOR-1233,Operating Line of Credit,2023-02-01,2027-02-01,185100.0,0.074,1,General Security Agreement,241600.0,Active
LN-20331,BOR-1233,Equipment Loan,2023-11-01,2028-11-01,572000.0,0.0769,5,Equipment,611800.0,Active
LN-20332,BOR-1234,Term Loan,2025-02-01,2035-02-01,1061400.0,0.07,10,General Security Agreement,1587800.0,Active
LN-20333,BOR-1235,Term Loan,2025-12-01,2035-12-01,869300.0,0.0669,10,General Security Agreement,1162000.0,Active
LN-20334,BOR-1235,Equipment Loan,2026-03-01,2033-03-01,198800.0,0.0675,7,Equipment,220300.0,Active
LN-20335,BOR-1236,Operating Line of Credit,2023-02-01,2027-02-01,450100.0,0.0888,1,General Security Agreement,544500.0,Active
LN-20336,BOR-1237,Equipment Loan,2017-09-01,2022-09-01,796100.0,0.0773,5,Equipment,876100.0,Paid Off
LN-20337,BOR-1238,Equipment Loan,2021-12-01,2026-12-01,486100.0,0.0703,5,Equipment,535200.0,Active
LN-20338,BOR-1239,Term Loan,2023-03-01,2033-03-01,1004400.0,0.0797,10,General Security Agreement,1519800.0,Active
LN-20339,BOR-1240,Term Loan,2021-09-01,2026-09-01,505200.0,0.0674,5,Farmland,732100.0,Active
LN-20340,BOR-1240,Equipment Loan,2019-01-01,2024-01-01,408300.0,0.0721,5,Equipment,524700.0,Paid Off
LN-20341,BOR-1241,Term Loan,2026-02-01,2036-02-01,412900.0,0.0807,10,Farmland,552400.0,Active
LN-20342,BOR-1242,Term Loan,2024-09-01,2031-09-01,1279900.0,0.0667,7,General Security Agreement,1784500.0,Active
LN-20343,BOR-1243,Equipment Loan,2019-06-01,2024-06-01,70700.0,0.0755,5,Equipment,94500.0,Paid Off
LN-20344,BOR-1244,Term Loan,2024-10-01,2034-10-01,1266500.0,0.0655,10,General Security Agreement,1687500.0,Active
LN-20345,BOR-1245,Operating Line of Credit,2025-01-01,2027-01-01,110200.0,0.0892,1,General Security Agreement,127000.0,Active
LN-20346,BOR-1245,Term Loan,2021-04-01,2028-04-01,840600.0,0.0705,7,General Security Agreement,1260000.0,Active
LN-20347,BOR-1246,Equipment Loan,2017-11-01,2024-11-01,399300.0,0.0602,7,Equipment,447600.0,Paid Off
LN-20348,BOR-1246,Term Loan,2021-06-01,2031-06-01,886100.0,0.0684,10,General Security Agreement,1336800.0,Active
LN-20349,BOR-1247,Term Loan,2024-03-01,2031-03-01,446900.0,0.0712,7,Farmland,803300.0,Active
LN-20350,BOR-1247,Farm Mortgage,2025-05-01,2040-05-01,871500.0,0.0609,15,Farmland,1788700.0,Active
LN-20351,BOR-1248,Operating Line of Credit,2025-05-01,2027-05-01,417300.0,0.0707,1,General Security Agreement,514200.0,Active
LN-20352,BOR-1248,Term Loan,2024-07-01,2031-07-01,179900.0,0.0783,7,General Security Agreement,229100.0,Active
LN-20353,BOR-1249,Operating Line of Credit,2024-01-01,2027-01-01,70500.0,0.0786,1,General Security Agreement,100100.0,Active
LN-20354,BOR-1250,Term Loan,2016-08-01,2026-08-01,1035300.0,0.0712,10,Farmland,1809500.0,Active
LN-20355,BOR-1251,Operating Line of Credit,2018-01-01,2027-01-01,158300.0,0.0855,1,General Security Agreement,196800.0,Active
LN-20356,BOR-1252,Equipment Loan,2026-05-01,2031-05-01,85100.0,0.0707,5,Equipment,118100.0,Active
LN-20357,BOR-1252,Term Loan,2019-12-01,2026-12-01,409400.0,0.0801,7,General Security Agreement,586700.0,Active
LN-20358,BOR-1253,Operating Line of Credit,2018-02-01,2027-02-01,422300.0,0.0767,1,General Security Agreement,605400.0,Active
LN-20359,BOR-1254,Term Loan,2021-04-01,2031-04-01,629200.0,0.084,10,General Security Agreement,908500.0,Active
LN-20360,BOR-1255,Farm Mortgage,2019-12-01,2034-12-01,1825900.0,0.0672,15,Farmland,3719300.0,Active
LN-20361,BOR-1255,Operating Line of Credit,2025-06-01,2027-06-01,255000.0,0.0724,1,General Security Agreement,353100.0,Active
LN-20362,BOR-1255,Term Loan,2022-12-01,2027-12-01,319000.0,0.0662,5,General Security Agreement,487100.0,Active
LN-20363,BOR-1256,Equipment Loan,2025-12-01,2032-12-01,57600.0,0.0725,7,Equipment,59000.0,Active
LN-20364,BOR-1256,Operating Line of Credit,2025-08-01,2026-08-01,120400.0,0.0865,1,General Security Agreement,177200.0,Active
LN-20365,BOR-1257,Farm Mortgage,2025-02-01,2040-02-01,2659500.0,0.0676,15,Farmland,3820400.0,Active
LN-20366,BOR-1257,Equipment Loan,2018-03-01,2023-03-01,137600.0,0.0785,5,Equipment,157900.0,Paid Off
LN-20367,BOR-1257,Term Loan,2016-09-01,2021-09-01,738400.0,0.0675,5,General Security Agreement,1135900.0,Paid Off
LN-20368,BOR-1258,Term Loan,2024-09-01,2034-09-01,734600.0,0.0651,10,General Security Agreement,1174100.0,Active
LN-20369,BOR-1258,Operating Line of Credit,2025-03-01,2027-03-01,287900.0,0.0778,1,General Security Agreement,330500.0,Active
LN-20370,BOR-1259,Operating Line of Credit,2023-06-01,2027-06-01,244300.0,0.0809,1,General Security Agreement,372400.0,Active
LN-20371,BOR-1260,Term Loan,2025-02-01,2032-02-01,153500.0,0.0677,7,Farmland,322100.0,Active
LN-20372,BOR-1261,Operating Line of Credit,2024-07-01,2026-07-01,230600.0,0.0766,1,General Security Agreement,354000.0,Active
LN-20373,BOR-1261,Term Loan,2019-05-01,2024-05-01,781400.0,0.0695,5,General Security Agreement,1218400.0,Paid Off
LN-20374,BOR-1262,Term Loan,2017-09-01,2022-09-01,356200.0,0.0812,5,General Security Agreement,503300.0,Paid Off
LN-20375,BOR-1263,Term Loan,2021-08-01,2026-08-01,1298600.0,0.0688,5,Farmland,1785500.0,Active
LN-20376,BOR-1264,Equipment Loan,2024-12-01,2031-12-01,418700.0,0.0648,7,Equipment,540800.0,Active
LN-20377,BOR-1265,Term Loan,2024-01-01,2031-01-01,962800.0,0.0771,7,General Security Agreement,1239400.0,Active
LN-20378,BOR-1266,Operating Line of Credit,2023-09-01,2026-09-01,337300.0,0.0728,1,General Security Agreement,404400.0,Active
LN-20379,BOR-1267,Equipment Loan,2016-07-01,2023-07-01,775100.0,0.0796,7,Equipment,889100.0,Paid Off
LN-20380,BOR-1267,Operating Line of Credit,2017-10-01,2026-10-01,320100.0,0.0717,1,General Security Agreement,413400.0,Active
LN-20381,BOR-1268,Farm Mortgage,2024-01-01,2044-01-01,1352400.0,0.0664,20,Farmland,1918600.0,Active
LN-20382,BOR-1269,Term Loan,2020-11-01,2030-11-01,1061700.0,0.0718,10,Farmland,1614300.0,Active
LN-20383,BOR-1269,Operating Line of Credit,2022-05-01,2027-05-01,52400.0,0.0807,1,General Security Agreement,60700.0,Active
LN-20384,BOR-1270,Operating Line of Credit,2019-12-01,2026-12-01,376300.0,0.0753,1,General Security Agreement,460400.0,Active
LN-20385,BOR-1271,Term Loan,2025-05-01,2030-05-01,319400.0,0.0669,5,General Security Agreement,449100.0,Active
LN-20386,BOR-1271,Operating Line of Credit,2025-11-01,2026-11-01,342600.0,0.0855,1,General Security Agreement,534200.0,Active
LN-20387,BOR-1271,Equipment Loan,2025-01-01,2030-01-01,599900.0,0.0761,5,Equipment,685900.0,Active
LN-20388,BOR-1272,Operating Line of Credit,2024-03-01,2027-03-01,93700.0,0.079,1,General Security Agreement,105100.0,Active
LN-20389,BOR-1273,Farm Mortgage,2022-07-01,2047-07-01,2130100.0,0.0634,25,Farmland,3862900.0,Active
LN-20390,BOR-1274,Operating Line of Credit,2023-01-01,2027-01-01,205600.0,0.084,1,General Security Agreement,269800.0,Active
LN-20391,BOR-1274,Term Loan,2024-04-01,2034-04-01,649100.0,0.0736,10,Farmland,1422500.0,Active
LN-20392,BOR-1275,Term Loan,2026-03-01,2033-03-01,151400.0,0.0756,7,General Security Agreement,181600.0,Active
LN-20393,BOR-1275,Operating Line of Credit,2026-02-01,2027-02-01,377600.0,0.0844,1,General Security Agreement,464900.0,Active
LN-20394,BOR-1276,Operating Line of Credit,2023-03-01,2027-03-01,111200.0,0.0739,1,General Security Agreement,124800.0,Active
LN-20395,BOR-1276,Equipment Loan,2023-09-01,2028-09-01,361700.0,0.0758,5,Equipment,428200.0,Active
LN-20396,BOR-1277,Operating Line of Credit,2024-10-01,2026-10-01,228100.0,0.0758,1,General Security Agreement,254500.0,Active
LN-20397,BOR-1277,Term Loan,2025-12-01,2032-12-01,1284500.0,0.0656,7,Farmland,2362000.0,Active
LN-20398,BOR-1277,Farm Mortgage,2025-10-01,2045-10-01,893500.0,0.0573,20,Farmland,1720900.0,Active
LN-20399,BOR-1278,Operating Line of Credit,2024-02-01,2027-02-01,250100.0,0.0743,1,General Security Agreement,345800.0,Active
LN-20400,BOR-1279,Operating Line of Credit,2018-01-01,2027-01-01,101000.0,0.0797,1,General Security Agreement,133900.0,Active
LN-20401,BOR-1280,Farm Mortgage,2024-08-01,2039-08-01,1571800.0,0.0673,15,Farmland,2541400.0,Active
LN-20402,BOR-1281,Operating Line of Credit,2019-07-01,2026-07-01,350900.0,0.0868,1,General Security Agreement,485300.0,Active
LN-20403,BOR-1282,Term Loan,2025-12-01,2030-12-01,333900.0,0.0668,5,General Security Agreement,470200.0,Active
LN-20404,BOR-1282,Equipment Loan,2019-12-01,2026-12-01,334000.0,0.0767,7,Equipment,391400.0,Active
LN-20405,BOR-1283,Farm Mortgage,2026-01-01,2041-01-01,2775400.0,0.0648,15,Farmland,4812500.0,Active
LN-20406,BOR-1284,Equipment Loan,2024-10-01,2029-10-01,153800.0,0.0611,5,Equipment,181700.0,Active
LN-20407,BOR-1285,Term Loan,2025-04-01,2035-04-01,152300.0,0.0656,10,Farmland,228300.0,Active
LN-20408,BOR-1285,Equipment Loan,2020-09-01,2025-09-01,495300.0,0.0605,5,Equipment,639400.0,Paid Off
LN-20409,BOR-1286,Operating Line of Credit,2024-01-01,2027-01-01,387500.0,0.0712,1,General Security Agreement,478300.0,Active
LN-20410,BOR-1287,Term Loan,2024-09-01,2034-09-01,1274100.0,0.0762,10,General Security Agreement,2018500.0,Active
LN-20411,BOR-1288,Equipment Loan,2026-05-01,2033-05-01,589800.0,0.0786,7,Equipment,823600.0,Active
LN-20412,BOR-1289,Equipment Loan,2019-04-01,2026-04-01,653400.0,0.0729,7,Equipment,905700.0,Paid Off
LN-20413,BOR-1290,Operating Line of Credit,2024-06-01,2027-06-01,284700.0,0.0732,1,General Security Agreement,325800.0,Active
LN-20414,BOR-1291,Equipment Loan,2024-06-01,2031-06-01,582100.0,0.0631,7,Equipment,803800.0,Active
LN-20415,BOR-1291,Term Loan,2023-07-01,2033-07-01,313800.0,0.0788,10,General Security Agreement,428600.0,Active
LN-20416,BOR-1292,Operating Line of Credit,2019-04-01,2027-04-01,220300.0,0.0873,1,General Security Agreement,308200.0,Active
LN-20417,BOR-1292,Term Loan,2023-11-01,2028-11-01,358000.0,0.0819,5,General Security Agreement,465900.0,Active
LN-20418,BOR-1293,Operating Line of Credit,2024-11-01,2026-11-01,480900.0,0.0802,1,General Security Agreement,708400.0,Active
LN-20419,BOR-1294,Operating Line of Credit,2022-03-01,2027-03-01,201600.0,0.073,1,General Security Agreement,293700.0,Active
LN-20420,BOR-1295,Farm Mortgage,2024-12-01,2049-12-01,1465000.0,0.0593,25,Farmland,3163300.0,Active
LN-20421,BOR-1295,Equipment Loan,2025-03-01,2032-03-01,595300.0,0.0699,7,Equipment,779300.0,Active
LN-20422,BOR-1296,Equipment Loan,2019-10-01,2024-10-01,255200.0,0.07,5,Equipment,351400.0,Paid Off
LN-20423,BOR-1296,Operating Line of Credit,2022-02-01,2027-02-01,278600.0,0.0794,1,General Security Agreement,395500.0,Active
LN-20424,BOR-1297,Term Loan,2022-09-01,2029-09-01,1316900.0,0.0722,7,Farmland,1955700.0,Active
LN-20425,BOR-1298,Equipment Loan,2026-02-01,2031-02-01,710900.0,0.061,5,Equipment,911000.0,Active
LN-20426,BOR-1299,Term Loan,2020-10-01,2025-10-01,514500.0,0.0825,5,General Security Agreement,747500.0,Paid Off
LN-20427,BOR-1300,Operating Line of Credit,2024-11-01,2026-11-01,128000.0,0.0875,1,General Security Agreement,158400.0,Active
LN-20428,BOR-1300,Equipment Loan,2024-01-01,2029-01-01,146300.0,0.0795,5,Equipment,154300.0,Active
LN-20429,BOR-1301,Term Loan,2025-08-01,2032-08-01,1162600.0,0.0809,7,Farmland,2362800.0,Active
LN-20430,BOR-1301,Equipment Loan,2025-08-01,2032-08-01,170800.0,0.0642,7,Equipment,206600.0,Active
LN-20431,BOR-1302,Equipment Loan,2025-05-01,2030-05-01,771700.0,0.0642,5,Equipment,837100.0,Active
LN-20432,BOR-1303,Equipment Loan,2023-07-01,2030-07-01,375500.0,0.0789,7,Equipment,399200.0,Active
LN-20433,BOR-1304,Term Loan,2021-03-01,2028-03-01,1329200.0,0.0788,7,Farmland,2359400.0,Active
LN-20434,BOR-1305,Equipment Loan,2023-06-01,2028-06-01,66900.0,0.0623,5,Equipment,79400.0,Active
LN-20435,BOR-1305,Term Loan,2023-09-01,2030-09-01,291000.0,0.0732,7,Farmland,618400.0,Active
LN-20436,BOR-1306,Term Loan,2025-02-01,2030-02-01,809700.0,0.0713,5,General Security Agreement,1123500.0,Active
LN-20437,BOR-1307,Farm Mortgage,2018-09-01,2043-09-01,2546300.0,0.0672,25,Farmland,3661100.0,Active
LN-20438,BOR-1308,Operating Line of Credit,2025-08-01,2026-08-01,182900.0,0.0757,1,General Security Agreement,226200.0,Active
LN-20439,BOR-1308,Equipment Loan,2023-10-01,2028-10-01,550500.0,0.0749,5,Equipment,709900.0,Active
LN-20440,BOR-1309,Equipment Loan,2025-02-01,2030-02-01,218700.0,0.0748,5,Equipment,242000.0,Active
LN-20441,BOR-1310,Equipment Loan,2026-01-01,2033-01-01,237100.0,0.0747,7,Equipment,319300.0,Active
LN-20442,BOR-1311,Operating Line of Credit,2026-01-01,2027-01-01,496300.0,0.0814,1,General Security Agreement,574500.0,Active
LN-20443,BOR-1312,Equipment Loan,2019-12-01,2024-12-01,367700.0,0.0649,5,Equipment,479100.0,Paid Off
LN-20444,BOR-1313,Equipment Loan,2026-02-01,2033-02-01,601200.0,0.0795,7,Equipment,662400.0,Active
LN-20445,BOR-1314,Term Loan,2025-07-01,2030-07-01,465400.0,0.0783,5,General Security Agreement,709200.0,Active
LN-20446,BOR-1314,Farm Mortgage,2021-12-01,2036-12-01,234300.0,0.0616,15,Farmland,383500.0,Active
LN-20447,BOR-1315,Farm Mortgage,2025-01-01,2045-01-01,1115600.0,0.0637,20,Farmland,2226400.0,Active
LN-20448,BOR-1316,Farm Mortgage,2026-02-01,2051-02-01,330600.0,0.0638,25,Farmland,663800.0,Active
LN-20449,BOR-1317,Term Loan,2020-07-01,2027-07-01,1152900.0,0.068,7,Farmland,2257900.0,Active
LN-20450,BOR-1318,Term Loan,2022-07-01,2032-07-01,728100.0,0.0659,10,Farmland,1601500.0,Active
LN-20451,BOR-1318,Farm Mortgage,2021-07-01,2041-07-01,1047500.0,0.0554,20,Farmland,1440600.0,Active
LN-20452,BOR-1319,Farm Mortgage,2024-12-01,2044-12-01,2173000.0,0.0558,20,Farmland,3160600.0,Active
LN-20453,BOR-1320,Operating Line of Credit,2021-07-01,2026-07-01,277500.0,0.0849,1,General Security Agreement,429100.0,Active
LN-20454,BOR-1321,Farm Mortgage,2025-07-01,2040-07-01,1650400.0,0.0589,15,Farmland,2198300.0,Active
LN-20455,BOR-1322,Equipment Loan,2018-11-01,2023-11-01,260000.0,0.0773,5,Equipment,347300.0,Paid Off
LN-20456,BOR-1323,Term Loan,2017-12-01,2027-12-01,633400.0,0.0821,10,General Security Agreement,769500.0,Active
LN-20457,BOR-1324,Term Loan,2026-01-01,2036-01-01,265400.0,0.0839,10,Farmland,509900.0,Active
LN-20458,BOR-1325,Operating Line of Credit,2020-10-01,2026-10-01,327500.0,0.088,1,General Security Agreement,447400.0,Active
LN-20459,BOR-1326,Operating Line of Credit,2025-11-01,2026-11-01,249600.0,0.0852,1,General Security Agreement,395500.0,Active
LN-20460,BOR-1326,Equipment Loan,2025-08-01,2032-08-01,769900.0,0.0764,7,Equipment,1000700.0,Active
LN-20461,BOR-1327,Operating Line of Credit,2016-10-01,2026-10-01,165800.0,0.0701,1,General Security Agreement,254000.0,Active
LN-20462,BOR-1328,Term Loan,2020-12-01,2030-12-01,1070200.0,0.0737,10,General Security Agreement,1712100.0,Active
LN-20463,BOR-1329,Term Loan,2025-11-01,2030-11-01,474300.0,0.0669,5,General Security Agreement,548900.0,Active
LN-20464,BOR-1330,Term Loan,2024-11-01,2029-11-01,1125000.0,0.0671,5,General Security Agreement,1361900.0,Active
LN-20465,BOR-1331,Term Loan,2021-07-01,2028-07-01,1101300.0,0.0701,7,Farmland,2408300.0,Active
LN-20466,BOR-1332,Operating Line of Credit,2017-08-01,2026-08-01,433200.0,0.0749,1,General Security Agreement,534300.0,Active
LN-20467,BOR-1333,Term Loan,2022-11-01,2032-11-01,117500.0,0.0832,10,General Security Agreement,141100.0,Active
LN-20468,BOR-1333,Operating Line of Credit,2022-04-01,2027-04-01,365000.0,0.0835,1,General Security Agreement,412500.0,Active
LN-20469,BOR-1334,Operating Line of Credit,2026-04-01,2027-04-01,168300.0,0.0724,1,General Security Agreement,251900.0,Active
LN-20470,BOR-1334,Equipment Loan,2025-11-01,2032-11-01,339500.0,0.0605,7,Equipment,367500.0,Active
LN-20471,BOR-1335,Operating Line of Credit,2024-12-01,2026-12-01,95000.0,0.0714,1,General Security Agreement,105700.0,Active
LN-20472,BOR-1336,Term Loan,2021-09-01,2028-09-01,1484900.0,0.0784,7,Farmland,2434100.0,Active
LN-20473,BOR-1336,Operating Line of Credit,2021-08-01,2026-08-01,319900.0,0.0892,1,General Security Agreement,477900.0,Active
LN-20474,BOR-1337,Term Loan,2025-05-01,2035-05-01,1336900.0,0.0677,10,General Security Agreement,1949000.0,Active
LN-20475,BOR-1338,Operating Line of Credit,2025-09-01,2026-09-01,430100.0,0.0774,1,General Security Agreement,542100.0,Active
LN-20476,BOR-1338,Term Loan,2026-02-01,2033-02-01,814000.0,0.0737,7,Farmland,1377400.0,Active
LN-20477,BOR-1339,Term Loan,2024-12-01,2029-12-01,1024700.0,0.0828,5,General Security Agreement,1549600.0,Active
LN-20478,BOR-1339,Operating Line of Credit,2023-07-01,2026-07-01,150200.0,0.0771,1,General Security Agreement,231800.0,Active
LN-20479,BOR-1340,Operating Line of Credit,2025-11-01,2026-11-01,253000.0,0.0712,1,General Security Agreement,391200.0,Active
LN-20480,BOR-1341,Operating Line of Credit,2021-06-01,2027-06-01,204300.0,0.0725,1,General Security Agreement,281600.0,Active
LN-20481,BOR-1341,Term Loan,2021-04-01,2031-04-01,427700.0,0.0775,10,General Security Agreement,496600.0,Active
LN-20482,BOR-1342,Operating Line of Credit,2023-07-01,2026-07-01,125100.0,0.0806,1,General Security Agreement,147500.0,Active
LN-20483,BOR-1343,Equipment Loan,2022-08-01,2029-08-01,283500.0,0.0726,7,Equipment,378700.0,Active
LN-20484,BOR-1344,Equipment Loan,2017-09-01,2024-09-01,387100.0,0.0679,7,Equipment,451900.0,Paid Off
LN-20485,BOR-1344,Operating Line of Credit,2020-11-01,2026-11-01,108200.0,0.0785,1,General Security Agreement,140100.0,Active
LN-20486,BOR-1345,Term Loan,2024-06-01,2031-06-01,1152700.0,0.0766,7,General Security Agreement,1760200.0,Active
LN-20487,BOR-1346,Term Loan,2024-12-01,2031-12-01,120600.0,0.0769,7,General Security Agreement,152700.0,Active
LN-20488,BOR-1346,Farm Mortgage,2024-08-01,2039-08-01,1876000.0,0.0604,15,Farmland,2453100.0,Active
LN-20489,BOR-1347,Term Loan,2021-01-01,2031-01-01,955200.0,0.0755,10,Farmland,1256200.0,Active
LN-20490,BOR-1348,Equipment Loan,2025-03-01,2032-03-01,732500.0,0.0688,7,Equipment,966500.0,Active
LN-20491,BOR-1349,Operating Line of Credit,2018-03-01,2027-03-01,69800.0,0.0818,1,General Security Agreement,108500.0,Default/Charged Off
LN-20492,BOR-1349,Term Loan,2023-03-01,2033-03-01,1049000.0,0.0713,10,Farmland,1812900.0,Active
LN-20493,BOR-1350,Term Loan,2017-01-01,2027-01-01,750600.0,0.0845,10,General Security Agreement,970200.0,Active
LN-20494,BOR-1350,Equipment Loan,2020-01-01,2025-01-01,346200.0,0.071,5,Equipment,446300.0,Paid Off
LN-20495,BOR-1351,Term Loan,2022-12-01,2029-12-01,963800.0,0.0662,7,Farmland,1645900.0,Active
LN-20496,BOR-1352,Equipment Loan,2023-01-01,2030-01-01,295300.0,0.0743,7,Equipment,369900.0,Active
LN-20497,BOR-1352,Term Loan,2026-03-01,2033-03-01,877700.0,0.0805,7,Farmland,1580000.0,Active
LN-20498,BOR-1353,Operating Line of Credit,2024-11-01,2026-11-01,348800.0,0.0799,1,General Security Agreement,538000.0,Active
LN-20499,BOR-1354,Operating Line of Credit,2020-04-01,2027-04-01,241000.0,0.0858,1,General Security Agreement,285300.0,Active
LN-20500,BOR-1354,Farm Mortgage,2017-07-01,2032-07-01,1000200.0,0.0601,15,Farmland,1752000.0,Active
LN-20501,BOR-1355,Operating Line of Credit,2016-09-01,2026-09-01,135500.0,0.0725,1,General Security Agreement,193600.0,Active
LN-20502,BOR-1356,Operating Line of Credit,2026-04-01,2027-04-01,56700.0,0.0872,1,General Security Agreement,79900.0,Active
LN-20503,BOR-1356,Term Loan,2025-04-01,2032-04-01,1142600.0,0.0749,7,Farmland,2486700.0,Active
LN-20504,BOR-1356,Equipment Loan,2024-04-01,2029-04-01,350500.0,0.0632,5,Equipment,439700.0,Active
LN-20505,BOR-1357,Equipment Loan,2025-05-01,2030-05-01,304400.0,0.072,5,Equipment,331400.0,Active
LN-20506,BOR-1357,Farm Mortgage,2023-06-01,2038-06-01,1369100.0,0.058,15,Farmland,3006600.0,Active
LN-20507,BOR-1357,Operating Line of Credit,2026-03-01,2027-03-01,216900.0,0.0842,1,General Security Agreement,282800.0,Active
LN-20508,BOR-1358,Term Loan,2024-02-01,2031-02-01,426700.0,0.0716,7,Farmland,638200.0,Active
LN-20509,BOR-1359,Term Loan,2025-10-01,2030-10-01,596300.0,0.0754,5,Farmland,1123300.0,Active
LN-20510,BOR-1359,Equipment Loan,2025-08-01,2030-08-01,472600.0,0.0736,5,Equipment,555400.0,Active
LN-20511,BOR-1360,Term Loan,2022-06-01,2032-06-01,800100.0,0.0655,10,General Security Agreement,923600.0,Active
LN-20512,BOR-1361,Operating Line of Credit,2023-03-01,2027-03-01,229000.0,0.086,1,General Security Agreement,359200.0,Active
LN-20513,BOR-1362,Operating Line of Credit,2026-03-01,2027-03-01,330100.0,0.0764,1,General Security Agreement,397800.0,Active
LN-20514,BOR-1362,Term Loan,2024-12-01,2029-12-01,316200.0,0.0675,5,General Security Agreement,350000.0,Active
LN-20515,BOR-1362,Equipment Loan,2020-09-01,2025-09-01,501400.0,0.0789,5,Equipment,607100.0,Paid Off
LN-20516,BOR-1363,Term Loan,2024-09-01,2034-09-01,1243900.0,0.0799,10,General Security Agreement,1598600.0,Active
LN-20517,BOR-1363,Operating Line of Credit,2026-04-01,2027-04-01,386200.0,0.0821,1,General Security Agreement,553500.0,Active
LN-20518,BOR-1364,Equipment Loan,2024-10-01,2031-10-01,540100.0,0.0656,7,Equipment,702400.0,Active
LN-20519,BOR-1364,Term Loan,2024-06-01,2031-06-01,1207400.0,0.0734,7,General Security Agreement,1430200.0,Active
LN-20520,BOR-1365,Farm Mortgage,2023-06-01,2043-06-01,1065100.0,0.0696,20,Farmland,2077800.0,Active
LN-20521,BOR-1366,Operating Line of Credit,2022-09-01,2026-09-01,339800.0,0.0841,1,General Security Agreement,527600.0,Active
LN-20522,BOR-1367,Term Loan,2021-05-01,2031-05-01,479200.0,0.0792,10,General Security Agreement,670100.0,Active
LN-20523,BOR-1368,Equipment Loan,2026-03-01,2033-03-01,592700.0,0.0743,7,Equipment,803800.0,Active
LN-20524,BOR-1369,Farm Mortgage,2021-11-01,2046-11-01,533700.0,0.0645,25,Farmland,923000.0,Active
LN-20525,BOR-1370,Operating Line of Credit,2024-03-01,2027-03-01,214100.0,0.0882,1,General Security Agreement,273700.0,Active
LN-20526,BOR-1371,Operating Line of Credit,2026-02-01,2027-02-01,228200.0,0.0719,1,General Security Agreement,312400.0,Active
LN-20527,BOR-1372,Operating Line of Credit,2022-12-01,2026-12-01,305300.0,0.0855,1,General Security Agreement,391000.0,Active
LN-20528,BOR-1373,Farm Mortgage,2026-04-01,2051-04-01,1771400.0,0.0554,25,Farmland,2616500.0,Active
LN-20529,BOR-1374,Equipment Loan,2024-02-01,2029-02-01,774200.0,0.0655,5,Equipment,872300.0,Active
LN-20530,BOR-1374,Farm Mortgage,2017-01-01,2042-01-01,1961800.0,0.064,25,Farmland,2559500.0,Active
LN-20531,BOR-1375,Term Loan,2025-12-01,2030-12-01,460700.0,0.0831,5,General Security Agreement,699900.0,Active
LN-20532,BOR-1376,Term Loan,2025-07-01,2035-07-01,1138900.0,0.0799,10,General Security Agreement,1593700.0,Active
LN-20533,BOR-1376,Equipment Loan,2025-11-01,2032-11-01,446400.0,0.0778,7,Equipment,591300.0,Active
LN-20534,BOR-1377,Term Loan,2026-03-01,2036-03-01,839600.0,0.0665,10,General Security Agreement,1225000.0,Active
LN-20535,BOR-1378,Farm Mortgage,2023-08-01,2038-08-01,1268300.0,0.0554,15,Farmland,2280400.0,Active
LN-20536,BOR-1379,Farm Mortgage,2023-07-01,2038-07-01,481300.0,0.0628,15,Farmland,734400.0,Active
LN-20537,BOR-1379,Term Loan,2025-09-01,2032-09-01,957000.0,0.083,7,Farmland,1441300.0,Active
LN-20538,BOR-1379,Operating Line of Credit,2024-07-01,2026-07-01,144500.0,0.0725,1,General Security Agreement,204200.0,Active
LN-20539,BOR-1380,Equipment Loan,2023-10-01,2028-10-01,715300.0,0.0785,5,Equipment,771800.0,Active
